postalcode;street;lat;lng;price;area;volume;floors;year_build;has_garden;type;photos;rooms
1051 PS Amsterdam;Waterloop 552;52.38180000;4.87170000;485000;95;319;3;1996;1;appartement;27;3
1016 EW Amsterdam;Keizersgracht 298 -C;52.37090000;4.88160000;1000000;121;445;1;1945;0;appartement;22;2
1033 KM Amsterdam;Pruimenstraat 12 E;52.40920000;4.89020000;250000;82;240;4;2004;0;appartement;21;2
1067 MZ Amsterdam;Troelstralaan 84;52.37860000;4.79870000;299500;105;345;3;1985;1;woonhuis;17;5
1102 SX Amsterdam;Anna Blamansingel 252;52.31660000;4.95170000;250000;104;300;1;2006;0;appartement;24;3
1064 NK Amsterdam;Anselmushof 5;52.37420000;4.82180000;182500;60;175;3;1945;1;woonhuis;15;4
1064 PR Amsterdam;Tretjakovlaan 22;52.37420000;4.82180000;250000;98;270;16;1998;0;appartement;35;3
1012 HG Amsterdam;Sint Jansstraat 48 hs;52.37350000;4.89510000;319000;51;182;1;1906;1;appartement;27;2
1015 KZ Amsterdam;Lindenstraat 80 -2;52.37840000;4.88360000;325000;51;158;1;1906;0;appartement;15;2
1018 AM Amsterdam;Cruquiuskade 57;52.36760000;4.91840000;575000;135;354;1;2005;0;appartement;20;3
1073 LL Amsterdam;Van Woustraat 12 2;52.35320000;4.89820000;349000;66;242;1;1885;0;appartement;16;3
1075 RG Amsterdam;Lomanstraat 86 bov.;52.35180000;4.85860000;1100000;195;732;3;1914;1;appartement;54;8
1108 CX Amsterdam;Leusdenhof 81;52.30820000;4.98070000;0;76;199;1;1980;0;appartement;1;3
1051 KS Amsterdam;Haarlemmerweg 89 e;52.38180000;4.87170000;215000;33;87;1;1983;0;appartement;1;1
1102 JB Amsterdam;Huntum 32;52.31660000;4.95170000;350000;0;0;1;0;0;onbekend;1;1
1096 CR Amsterdam;Ouderkerkerdijk 170 *;52.33870000;4.91970000;1350000;138;570;2;1999;1;woonhuis;25;5
1107 ZX Amsterdam;Spankerenkade 2;52.29320000;4.98030000;205000;82;230;2;1985;1;woonhuis;22;4
1019 DN Amsterdam;Oostelijke Handelskade 1155;52.37330000;4.93910000;480000;97;235;1;1998;0;appartement;9;3
1051 JK Amsterdam;Rochussenstraat 12 IV;52.38180000;4.87170000;225000;43;116;1;1905;0;appartement;17;2
1065 Amsterdam;Jacques Veltmanstraat;52.35730000;4.82780000;21000;0;0;1;0;0;parkeergelegenheid;5;1
1033 VP Amsterdam;Marsstraat 10;52.40920000;4.89020000;200000;60;218;3;1923;1;woonhuis;21;4
1065 LT Amsterdam;Aaf Bouberstraat 76;52.35730000;4.82780000;224500;85;246;2;1984;0;appartement;20;4
1098 XB Amsterdam;Carolina MacGillavrylaan 628;52.35290000;4.94220000;580000;131;347;2;2009;0;appartement;38;4
1102 WZ Amsterdam;Dalsteindreef 236;52.31660000;4.95170000;239990;104;270;1;1985;0;appartement;1;5
1081 HR Amsterdam;Pekkendam 10;52.32780000;4.86200000;1995000;324;1050;3;1960;1;woonhuis;44;11
1064 NJ Amsterdam;Geert Grootestraat 4;52.37420000;4.82180000;175000;60;110;3;1945;1;woonhuis;21;4
1093 RV Amsterdam;Pontanusstraat 5 B;52.36180000;4.92800000;316500;63;195;1;1996;0;appartement;23;2
1011 TB Amsterdam;Prins Hendrikkade 163;52.37100000;4.90410000;885000;160;480;1;1906;0;woonhuis;13;3
1103 GT Amsterdam;Grubbehoeve 228;52.32310000;4.97220000;149000;69;175;1;1970;0;appartement;27;3
1058 BZ Amsterdam;Curaçaostraat 70 -I;52.35790000;4.85100000;260000;56;188;1;1931;0;appartement;37;3
1076 PM Amsterdam;Hectorstraat 11 Hs;52.34550000;4.86070000;485000;81;220;1;1930;1;appartement;14;3
1094 KZ Amsterdam;Tweede Atjehstraat 5 -S;52.36260000;4.93600000;250000;55;172;1;1997;0;appartement;42;4
1056 DK Amsterdam;Hondiusstraat 2 D;52.37320000;4.85600000;175000;43;175;1;1931;0;appartement;17;2
1019 HD Amsterdam;Veemkade 248;52.37330000;4.93910000;465000;100;320;2;2005;0;appartement;23;3
1087 EM Amsterdam;IJburglaan 764 PP;52.35390000;5.00050000;35000;0;0;1;0;0;parkeergelegenheid;3;1
1060 NW Amsterdam;Adamello 41;52.34910000;4.78350000;275000;88;250;2;1997;1;appartement;25;4
1072 LE Amsterdam;Ferdinand Bolstraat 111 I;52.35350000;4.89020000;300000;50;153;1;1892;0;appartement;20;2
1058 GA Amsterdam;Saskia van Uijlenburgkade 132;52.35790000;4.85100000;999000;218;825;1;2010;1;appartement;45;4
1098 WG Amsterdam;Wembleylaan 28;52.35290000;4.94220000;679028;155;480;3;2002;1;woonhuis;19;5
1077 AN Amsterdam;Apollolaan 97 I;52.34600000;4.87380000;459000;71;256;1;1906;0;appartement;13;2
1087 MN Amsterdam;Jan Vrijmanstraat 295;52.35390000;5.00050000;670000;149;633;3;2009;1;woonhuis;33;5
1106 DH Amsterdam;Veldhuizenstraat 74;52.29910000;4.97540000;149000;73;180;1;1982;0;appartement;18;3
1067 AJ Amsterdam;Cornelis Roobolstraat 18;52.37860000;4.79870000;199000;96;314;2;1956;1;woonhuis;20;5
1054 HM Amsterdam;Overtoom 114 I;52.36170000;4.86690000;275000;42;147;1;1906;0;appartement;18;3
1033 DJ Amsterdam;Krasseurstraat 141;52.40920000;4.89020000;319000;108;328;3;1989;1;woonhuis;26;5
1034 ES Amsterdam;Statenjachtstraat 382;52.40750000;4.91700000;160000;71;247;8;1967;0;appartement;21;3
1053 VN Amsterdam;Bilderdijkkade 68 II;52.36680000;4.86810000;250000;45;135;1;1895;0;appartement;19;2
1012 SP Amsterdam;Spuistraat 3 F 9;52.37350000;4.89510000;249500;0;0;1;0;0;onbekend;1;1
1071 GJ Amsterdam;Van Eeghenstraat 52 huis;52.35520000;4.87890000;2000000;196;664;3;1896;1;appartement;40;5
1052 JC Amsterdam;Frederik Hendrikstraat 122 II;52.37700000;4.87400000;375000;67;228;1;1905;0;appartement;27;3
1024 BB Amsterdam;Jisperveldstraat 554;52.39390000;4.95470000;175000;84;259;11;1968;0;appartement;21;4
1054 DT Amsterdam;Eerste Helmersstraat 183 HS;52.36170000;4.86690000;1065000;150;515;2;1904;1;appartement;44;4
1087 MG Amsterdam;Nico Jessekade 45;52.35390000;5.00050000;789000;188;647;3;2008;1;woonhuis;56;6
1103 LJ Amsterdam;Groenhoven 343;52.32310000;4.97220000;118500;55;154;1;1974;0;appartement;11;2
1051 AL Amsterdam;De Wittenkade 124 h;52.38180000;4.87170000;345000;66;181;1;1905;1;appartement;26;3
1055 XN Amsterdam;Louise de Colignystraat 54 -I;52.38020000;4.85240000;165000;46;138;1;1931;0;appartement;18;2
1033 ZS Amsterdam;Stoelenmatterspad 20;52.40920000;4.89020000;275000;0;0;1;0;0;onbekend;1;1
1054 WE Amsterdam;Wilhelminastraat 179 II;52.36170000;4.86690000;275000;49;165;1;1905;0;appartement;22;2
1032 GW Amsterdam;Korenbloemstraat 46;52.39640000;4.91260000;325000;77;337;2;1930;1;woonhuis;27;4
1082 JG Amsterdam;Van Nijenrodeweg 752;52.33110000;4.87420000;148000;34;95;1;1955;0;appartement;10;2
1012 BV Amsterdam;Barndesteeg 27;52.37350000;4.89510000;580000;95;320;3;1899;0;appartement;20;5
1017 XT Amsterdam;Weteringschans 112 -II;52.36300000;4.89240000;399000;73;290;1;1906;0;appartement;18;3
1013 Amsterdam;Houthavenweg;52.38770000;4.88390000;1165864;211;600;1;2017;0;appartement;7;7
1106 WG Amsterdam;Anne Kooistrahof 21;52.29910000;4.97540000;232500;90;234;1;1986;0;woonhuis;1;3
1052 CX Amsterdam;Nassaukade 103 -IV;52.37700000;4.87400000;425000;72;235;1;1885;0;appartement;21;3
1025 HA Amsterdam;Het Hoogt 38;52.39900000;4.93610000;325000;153;490;2;1968;0;appartement;29;5
1017 GN Amsterdam;Kerkstraat 78 E;52.36300000;4.89240000;550000;100;287;1;1906;0;appartement;25;2
1018 CD Amsterdam;Kazernestraat 18 BG;52.36760000;4.91840000;599000;111;265;2;1900;1;appartement;31;3
1094 JS Amsterdam;Balistraat 90 -IV;52.36260000;4.93600000;200000;35;110;1;1914;0;appartement;24;2
1094 JP Amsterdam;Balistraat 56 I;52.36260000;4.93600000;225000;38;120;1;1912;0;appartement;16;2
1012 NK Amsterdam;Sint Nicolaasstraat 26 2;52.37350000;4.89510000;395000;47;98;1;1906;0;appartement;1;3
1063 CE Amsterdam;Fritz Conijnstraat 36 -II;52.38140000;4.82590000;185000;57;200;1;1955;0;appartement;31;3
1056 XH Amsterdam;Jan Haringstraat 10 3;52.37320000;4.85600000;649000;116;335;2;1938;0;appartement;27;4
1053 XE Amsterdam;Da Costakade 174 -3A;52.36680000;4.86810000;249000;35;115;1;1906;0;appartement;20;2
1012 BJ Amsterdam;Waterpoortsteeg 3;52.37350000;4.89510000;219000;32;90;1;1925;0;appartement;10;2
1064 MG Amsterdam;Noordzijde 311;52.37420000;4.82180000;135000;36;119;1;1986;0;appartement;18;2
1102 XL Amsterdam;Dostojevskisingel 149;52.31660000;4.95170000;150000;72;230;1;1983;0;appartement;34;3
1102 AW Amsterdam;Martin Ennalsstraat 21;52.31660000;4.95170000;275000;122;350;2;2003;1;woonhuis;22;5
1081 JK Amsterdam;Amstelveenseweg 718 C;52.32780000;4.86200000;1395000;255;738;1;2001;0;appartement;33;5
1079 SV Amsterdam;Boterdiepstraat 57 huis;52.34230000;4.90360000;275000;58;216;1;1934;1;appartement;24;2
1058 XA Amsterdam;Bonaireplein 21 HS;52.35790000;4.85100000;498000;100;325;2;1930;0;appartement;24;4
1098 XB Amsterdam;Carolina MacGillavrylaan 406;52.35290000;4.94220000;375000;91;282;1;2009;0;appartement;26;3
1087 GD Amsterdam;Zwanebloemlaan 190;52.35390000;5.00050000;435000;143;397;3;2003;1;appartement;14;4
1058 EM Amsterdam;Nachtwachtlaan 343;52.35790000;4.85100000;315000;98;250;1;1970;0;appartement;18;4
1069 KW Amsterdam;Baden Powellweg 14 D;52.35560000;4.79070000;225000;97;310;1;2006;0;appartement;21;5
1021 GL Amsterdam;Leeuwerikstraat 10 A;52.38460000;4.91720000;250000;57;160;1;1987;1;appartement;30;2
1075 EL Amsterdam;Koninginneweg 220 II;52.35180000;4.85860000;675000;93;319;1;1916;0;appartement;23;4
1061 VX Amsterdam;Derkinderenstraat 158;52.37360000;4.83950000;325000;86;230;5;2008;0;appartement;17;3
1071 TV Amsterdam;Pieter Baststraat 29 III+IV;52.35520000;4.87890000;875000;157;488;3;1905;1;appartement;56;5
1061 TC Amsterdam;Willem Nakkenstraat 16;52.37360000;4.83950000;440000;117;370;1;2009;0;woonhuis;1;5
1011 CP Amsterdam;Nieuwe Ridderstraat 10 *;52.37100000;4.90410000;885000;141;381;3;1906;0;appartement;12;4
1015 KD Amsterdam;Lindengracht 83 B;52.37840000;4.88360000;580000;72;190;1;2017;0;appartement;2;3
1069 RR Amsterdam;Jan van Zutphenstraat 63;52.35560000;4.79070000;495000;161;489;1;2008;0;appartement;25;4
1054 JG Amsterdam;Overtoom 352 II;52.36170000;4.86690000;850000;194;667;3;1903;0;appartement;30;8
1051 EC Amsterdam;Van Boetzelaerstraat 96 I;52.38180000;4.87170000;185000;33;114;1;1912;0;appartement;19;2
1017 SX Amsterdam;Tweede Weteringdwarsstraat 44;52.36300000;4.89240000;320000;45;112;1;1900;0;appartement;19;2
1078 NB Amsterdam;Merwedeplein 31 II;52.34640000;4.89770000;599000;112;371;5;1930;1;appartement;23;5
1017 AX Amsterdam;Singel 518 A;52.36300000;4.89240000;650000;103;297;1;1906;0;appartement;24;3
1075 ET Amsterdam;Valeriusstraat 149 /hs;52.35180000;4.85860000;895000;140;500;4;1906;1;appartement;29;6
1012 NE Amsterdam;Dirk van Hasseltssteeg 40;52.37350000;4.89510000;1195000;107;300;3;1730;0;woonhuis;44;4
1055 DS Amsterdam;Bos en Lommerweg 179 III;52.38020000;4.85240000;289900;52;140;1;1906;0;appartement;16;3
1082 HM Amsterdam;Van Nijenrodeweg 470;52.33110000;4.87420000;45000;0;0;1;0;0;parkeergelegenheid;5;1
1012 JD Amsterdam;Warmoesstraat 10 2;52.37350000;4.89510000;699000;177;511;1;1906;0;appartement;19;4
1094 TV Amsterdam;Ambonstraat 80;52.36260000;4.93600000;340000;81;250;1;1981;1;appartement;29;3
1054 AB Amsterdam;Nassaukade 369 HS;52.36170000;4.86690000;850000;156;522;3;1891;0;appartement;30;5
1087 JT Amsterdam;Zwanebloemlaan 252;52.35390000;5.00050000;540000;141;475;3;2007;1;woonhuis;44;6
1071 LE Amsterdam;Palestrinastraat 6 -H;52.35520000;4.87890000;2250000;265;1001;5;1906;1;appartement;40;7
1056 WJ Amsterdam;Reinier Claeszenstraat 4 II;52.37320000;4.85600000;349000;73;187;2;1931;0;appartement;30;5
1017 XR Amsterdam;Weteringschans 84 sou/bel;52.36300000;4.89240000;1250000;160;610;2;1906;1;appartement;49;4
1013 KX Amsterdam;Bickerswerf 2;52.38770000;4.88390000;249500;0;0;1;0;0;onbekend;1;1
1027 AM Amsterdam;Torenven 8;52.40920000;4.96600000;449000;106;360;3;1964;1;woonhuis;27;5
1051 XZ Amsterdam;Van Beuningenstraat;52.38180000;4.87170000;37500;0;0;1;0;0;parkeergelegenheid;1;1
1056 VT Amsterdam;Lumeijstraat 31 /2;52.37320000;4.85600000;340000;77;247;5;1922;0;appartement;26;3
1037 RS Amsterdam;Zijkanaal H-weg 61;52.42530000;4.86020000;585000;0;0;1;0;0;onbekend;1;1
1056 VH Amsterdam;Pieter van der Doesstraat 44 I;52.37320000;4.85600000;250000;59;192;1;1931;0;appartement;25;3
1102 XZ Amsterdam;Chestertonlaan 10;52.31660000;4.95170000;119000;40;125;1;1983;0;appartement;1;2
1015 JT Amsterdam;Goudsbloemstraat 148 A;52.37840000;4.88360000;419000;72;202;1;1981;1;appartement;19;3
1025 SG Amsterdam;Loenermark 53;52.39900000;4.93610000;194500;76;210;1;1972;0;appartement;25;3
1012 JS Amsterdam;Dam 3 /X;52.37350000;4.89510000;7500000;371;1400;1;2017;0;appartement;20;5
1016 BG Amsterdam;Herengracht 229 -231;52.37090000;4.88160000;2250000;320;960;5;1906;1;woonhuis;27;11
1062 KZ Amsterdam;Carnapstraat 221;52.35480000;4.83810000;449000;120;302;1;2000;0;appartement;1;4
1072 SW Amsterdam;Van Ostadestraat 147 I;52.35350000;4.89020000;223000;33;92;3;1930;0;appartement;10;1
1051 HA Amsterdam;Van Hallstraat 83 -III;52.38180000;4.87170000;265000;65;163;2;1930;0;appartement;19;3
1064 EK Amsterdam;Burgemeester Hogguerstraat 1177;52.37420000;4.82180000;150000;45;120;1;1960;0;appartement;17;2
1053 DC Amsterdam;Kinkerstraat 23 III v;52.36680000;4.86810000;165000;30;72;1;1890;0;appartement;14;1
1060 MB Amsterdam;Cycladenlaan 5;52.34910000;4.78350000;500000;160;615;4;2003;1;woonhuis;34;6
1071 CW Amsterdam;Van de Veldestraat 7 bv;52.35520000;4.87890000;1325000;193;608;2;1902;1;appartement;23;7
1061 BV Amsterdam;Blauwvoetstraat 14 I;52.37360000;4.83950000;192500;51;140;1;1952;0;appartement;19;3
1087 MN Amsterdam;Jan Vrijmanstraat 303;52.35390000;5.00050000;699000;166;675;4;2009;1;woonhuis;51;6
1068 PM Amsterdam;Oeverpad 568;52.35920000;4.80520000;339000;117;356;1;2005;0;appartement;27;3
1054 JC Amsterdam;Overtoom 296 *;52.36170000;4.86690000;1375000;225;800;3;1906;1;woonhuis;52;9
1011 LE Amsterdam;Oudeschans 100;52.37100000;4.90410000;1275000;159;630;2;1905;1;appartement;31;4
1056 XS Amsterdam;De Rijpgracht 51 I;52.37320000;4.85600000;275000;52;140;1;1931;0;appartement;28;3
1077 PS Amsterdam;Raphaëlstraat 14 I;52.34600000;4.87380000;700000;111;376;1;1906;0;appartement;22;3
1087 KA Amsterdam;Lisdoddelaan 58;52.35390000;5.00050000;1175000;249;918;3;2004;1;woonhuis;32;6
1071 TX Amsterdam;Pieter Baststraat 26 III&IV;52.35520000;4.87890000;750000;122;391;2;1905;1;appartement;38;5
1083 GR Amsterdam;Arent Janszoon Ernststraat 87;52.33020000;4.88440000;385000;111;333;1;1960;0;appartement;16;3
1055 RZ Amsterdam;Nieuwpoortstraat 94 B 17;52.38020000;4.85240000;264140;56;198;1;2017;0;appartement;20;2
1072 GZ Amsterdam;Rustenburgerstraat 427;52.35350000;4.89020000;510000;85;378;2;1906;0;appartement;30;2
1015 DS Amsterdam;Prinsengracht 187 B;52.37840000;4.88360000;895000;122;325;1;1750;0;appartement;21;3
1071 LX Amsterdam;Wouwermanstraat 14 II;52.35520000;4.87890000;1185000;204;794;3;1911;0;appartement;31;8
1083 KD Amsterdam;Beysterveld;52.33020000;4.88440000;45000;0;0;1;0;0;parkeergelegenheid;2;1
1068 MS Amsterdam;Professor J.H. Gunningstraat 55;52.35920000;4.80520000;250000;70;228;1;2007;0;appartement;20;3
1064 EE Amsterdam;Burgemeester Hogguerstraat 969;52.37420000;4.82180000;189000;0;0;1;0;0;onbekend;1;1
1035 PJ Amsterdam;Zuideinde 509;52.41960000;4.89440000;475000;71;285;1;1961;1;woonhuis;27;4
1058 AM Amsterdam;Stuyvesantstraat 52 III;52.35790000;4.85100000;265000;50;167;1;1906;0;appartement;17;3
1079 LX Amsterdam;Hoendiepstraat 48 II;52.34230000;4.90360000;395000;69;181;2;1934;0;appartement;27;3
1098 LB Amsterdam;Wethouder Frankeweg 36 2;52.35290000;4.94220000;0;68;235;1;1906;0;appartement;1;2
1012 JS Amsterdam;Dam 5 /g;52.37350000;4.89510000;1275000;128;360;1;2017;0;appartement;20;3
1086 Amsterdam;Smalschipstraat;52.36280000;4.98190000;615000;165;612;1;2017;1;woonhuis;8;5
1057 ET Amsterdam;Admiralengracht 119 -H;52.36770000;4.85510000;475000;106;263;2;2004;0;appartement;24;4
1015 JN Amsterdam;Goudsbloemstraat 191 E;52.37840000;4.88360000;310000;47;122;1;1905;0;appartement;21;2
1106 XK Amsterdam;Ommerenhof 44;52.29910000;4.97540000;215000;125;325;1;1976;0;appartement;21;5
1019 NA Amsterdam;Venetiëhof 47;52.37330000;4.93910000;589000;132;425;9;1994;0;appartement;25;5
1071 PD Amsterdam;De Lairessestraat 56 III;52.35520000;4.87890000;1050000;155;568;2;1913;0;appartement;35;5
1057 WS Amsterdam;Marco Polostraat 64 II;52.36770000;4.85510000;499000;103;329;4;1906;1;appartement;29;4
1087 KP Amsterdam;Julius Pergerstraat 240;52.35390000;5.00050000;295000;83;215;1;2007;0;appartement;24;3
1018 AW Amsterdam;Geschutswerf 41;52.36760000;4.91840000;800000;150;456;1;1906;0;appartement;25;3
1054 EL Amsterdam;Eerste Helmersstraat 188 -IV;52.36170000;4.86690000;225000;35;105;1;1906;1;appartement;26;2
1058 EP Amsterdam;Nachtwachtlaan 415;52.35790000;4.85100000;325000;98;250;1;1970;0;appartement;21;4
1021 NN Amsterdam;Buitendraaierij 38;52.38460000;4.91720000;255000;0;0;1;0;0;onbekend;1;1
1056 CN Amsterdam;Hoofdweg 333 I;52.37320000;4.85600000;250000;55;186;1;1927;0;appartement;23;2
1069 PB Amsterdam;Willy La Croixstraat 59;52.35560000;4.79070000;225000;90;309;2;1988;0;appartement;26;3
1013 KS Amsterdam;Grote Bickersstraat 46 PP40;52.38770000;4.88390000;65000;0;0;1;0;0;parkeergelegenheid;2;1
1107 JS Amsterdam;Schaarsbergenstraat 35;52.29320000;4.98030000;97500;36;94;1;1981;0;appartement;6;1
1079 BN Amsterdam;Uiterwaardenstraat 9 -II;52.34230000;4.90360000;369000;55;184;1;1934;0;appartement;23;3
1062 JT Amsterdam;Postjesweg 407;52.35480000;4.83810000;195000;83;267;1;1961;0;appartement;24;3
1104 HP Amsterdam;Komijnstraat 34;52.31640000;4.97760000;270000;98;340;2;2009;1;woonhuis;23;3
1025 MN Amsterdam;Willem Noorlanderkade 3;52.39900000;4.93610000;550000;165;495;4;1998;0;woonhuis;30;5
1024 MG Amsterdam;Zuiderzeepark 36;52.39390000;4.95470000;240000;72;227;1;1994;0;appartement;20;3
1053 SV Amsterdam;Jan Hanzenstraat 108 /III;52.36680000;4.86810000;185000;30;93;3;1906;0;appartement;22;1
1066 XT Amsterdam;Ottho Heldringstraat 35 E;52.34600000;4.81630000;325000;92;290;1;2010;0;appartement;17;3
1015 CD Amsterdam;Keizersgracht 35 I;52.37840000;4.88360000;815000;92;296;1;1906;0;appartement;23;3
1069 TR Amsterdam;Langswater 32;52.35560000;4.79070000;159000;71;230;1;1960;0;appartement;28;4
1025 NP Amsterdam;Noord-Bevelandstraat 21;52.39900000;4.93610000;225000;57;260;2;1931;1;woonhuis;29;3
1013 SB Amsterdam;Zaanstraat 278;52.38770000;4.88390000;425000;88;218;2;1918;0;appartement;20;3
1087 JE Amsterdam;Sem Presserhof 123;52.35390000;5.00050000;470000;133;412;3;2006;0;woonhuis;18;5
1095 AV Amsterdam;Molukkenstraat 57 IV;52.36660000;4.95200000;200000;45;138;1;1916;0;appartement;18;2
1018 WA Amsterdam;Jacob Burggraafstraat 36;52.36760000;4.91840000;330000;75;230;1;1990;0;appartement;18;4
1059 XN Amsterdam;Katwijkstraat 2 -II;52.34880000;4.84680000;300000;58;194;2;1933;0;appartement;26;3
1053 NH Amsterdam;Jacob van Lennepkade 320 III;52.36680000;4.86810000;259000;44;142;1;1903;0;appartement;18;2
1052 TW Amsterdam;Gillis van Ledenberchstraat 9 -3;52.37700000;4.87400000;225000;46;151;1;1915;0;appartement;20;2
1051 TV Amsterdam;Joan Melchior Kemperstraat 80 III;52.38180000;4.87170000;350000;65;161;2;1905;0;appartement;25;3
1060 RE Amsterdam;Ladogameerhof 148;52.34910000;4.78350000;245000;90;230;6;1999;0;appartement;20;4
1033 BS Amsterdam;Kometensingel 575;52.40920000;4.89020000;300000;91;311;3;1938;1;woonhuis;25;4
1017 JN Amsterdam;Prinsengracht 854 C;52.36300000;4.89240000;649000;79;210;1;1810;0;appartement;21;3
1013 SG Amsterdam;Zaanstraat 361;52.38770000;4.88390000;250000;44;126;1;1919;1;appartement;14;2
1053 LL Amsterdam;Nassaukade 161 G;52.36680000;4.86810000;250000;38;130;4;1900;0;appartement;21;2
1035 XE Amsterdam;Stentorstraat 95 1;52.41960000;4.89440000;195000;63;167;1;1956;0;appartement;20;3
1067 AH Amsterdam;Cornelis Roobolstraat 37;52.37860000;4.79870000;250000;75;218;2;1945;1;woonhuis;18;4
1013 TN Amsterdam;Knollendamstraat 6 D;52.38770000;4.88390000;149000;24;77;1;1884;0;appartement;15;1
1055 AK Amsterdam;Elckerlijcstraat 23;52.38020000;4.85240000;369000;83;250;1;2008;0;appartement;16;3
1012 JD Amsterdam;Warmoesstraat 16 P;52.37350000;4.89510000;550000;94;322;2;1906;0;appartement;21;3
1066 XT Amsterdam;Ottho Heldringstraat 33 C;52.34600000;4.81630000;395000;135;467;2;2009;1;appartement;30;5
1094 LW Amsterdam;Sumatrastraat 145 D;52.36260000;4.93600000;324011;67;222;1;1982;0;appartement;28;3
1097 WH Amsterdam;Ploegstraat 54;52.34650000;4.93010000;295000;68;261;2;1925;1;appartement;23;3
1033 LD Amsterdam;Mandarijnenstraat 14 I;52.40920000;4.89020000;150000;43;130;1;1952;0;appartement;16;2
1105 AE Amsterdam;Holendrechterweg 66 A;52.29770000;4.95620000;349000;0;0;1;0;0;onbekend;1;1
1057 GG Amsterdam;Admiralengracht 140 3;52.36770000;4.85510000;258800;51;170;1;1930;0;appartement;36;3
1066 KA Amsterdam;Dilsenstraat 3;52.34600000;4.81630000;379500;104;257;2;1992;1;woonhuis;38;5
1034 ET Amsterdam;Statenjachtstraat 412;52.40750000;4.91700000;160000;58;195;1;1967;0;appartement;32;2
1083 CR Amsterdam;Van Heenvlietlaan 390 III;52.33020000;4.88440000;349000;106;333;1;1960;0;appartement;22;3
1022 KD Amsterdam;Noorderkwartier (Bouwnr. 49);52.39870000;4.92990000;368812;120;300;2;2016;1;woonhuis;2;5
1056 HD Amsterdam;Bestevâerstraat 3 II;52.37320000;4.85600000;400000;80;275;1;1920;0;appartement;15;3
1061 BJ Amsterdam;Leeuwendalersweg 640;52.37360000;4.83950000;339000;95;260;1;2008;0;appartement;22;4
1077 VS Amsterdam;Stadionkade 70 III;52.34600000;4.87380000;675000;132;360;2;1931;0;appartement;36;3
1055 RZ Amsterdam;Nieuwpoortstraat 86 B8;52.38020000;4.85240000;415000;83;294;1;2017;1;appartement;20;2
1083 GC Amsterdam;Weerdestein 49;52.33020000;4.88440000;420000;111;290;1;1968;0;appartement;19;5
1054 DV Amsterdam;Eerste Helmersstraat 197 IV hg;52.36170000;4.86690000;375000;71;220;5;1910;0;appartement;10;2
1015 AG Amsterdam;Singel 136 D;52.37840000;4.88360000;850000;107;325;1;1800;0;appartement;22;3
1017 TP Amsterdam;Eerste Weteringdwarsstraat 54 C;52.36300000;4.89240000;525000;74;221;1;2004;0;appartement;26;3
1057 HB Amsterdam;Van Speijkstraat 22 -3;52.36770000;4.85510000;290000;71;218;1;1923;0;appartement;14;3
1056 XP Amsterdam;De Rijpgracht 11 1;52.37320000;4.85600000;285000;0;0;1;0;0;onbekend;1;1
1094 NH Amsterdam;Sumatrastraat 72 -G;52.36260000;4.93600000;195000;30;75;1;1906;0;appartement;6;2
1097 BN Amsterdam;Middenweg 30 -2;52.34650000;4.93010000;875000;163;525;2;1898;0;appartement;32;4
1056 BK Amsterdam;Jan van Galenstraat 115 F;52.37320000;4.85600000;300000;64;170;1;1920;0;appartement;15;3
1060 PJ Amsterdam;Ladogameerhof 102;52.34910000;4.78350000;225000;72;185;1;1999;0;appartement;1;3
1072 NC Amsterdam;Eerste Jan Steenstraat 57;52.35350000;4.89020000;275000;53;180;1;1965;0;appartement;33;3
1015 BR Amsterdam;Herengracht 78;52.37840000;4.88360000;1950000;0;0;1;0;0;onbekend;1;1
1057 EH Amsterdam;Postjesweg 114 HS;52.36770000;4.85510000;349000;75;188;1;1931;1;appartement;18;3
1087 AZ Amsterdam;Johan van der Keukenstraat;52.35390000;5.00050000;0;0;0;1;0;0;parkeergelegenheid;1;1
1081 CB Amsterdam;Nieuwerhoek 48;52.32780000;4.86200000;549000;117;412;2;1963;1;woonhuis;19;6
1066 ET Amsterdam;Akerpolderstraat 31;52.34600000;4.81630000;85000;18;47;1;1921;0;appartement;18;1
1103 JX Amsterdam;Bijlmerdreef 1280;52.32310000;4.97220000;159500;64;185;1;2001;0;appartement;18;2
1013 AW Amsterdam;Silodam 307 P;52.38770000;4.88390000;39000;0;0;1;0;0;parkeergelegenheid;2;1
1106 DH Amsterdam;Veldhuizenstraat 16;52.29910000;4.97540000;199000;0;0;1;0;0;onbekend;1;1
1034 ST Amsterdam;Voordek 26;52.40750000;4.91700000;0;92;232;1;1980;0;appartement;9;4
1017 JZ Amsterdam;Prinsengracht 765;52.36300000;4.89240000;2600000;173;519;1;1960;0;appartement;13;3
1075 TB Amsterdam;Sluisstraat 29 III;52.35180000;4.85860000;400000;77;241;4;1910;0;appartement;43;3
1013 Amsterdam;Narva Eiland West (Bouwnr. 73);52.38770000;4.88390000;679718;168;420;2;2017;0;woonhuis;10;5
1016 DV Amsterdam;Keizersgracht 225 A;52.37090000;4.88160000;899000;96;415;2;1746;0;appartement;34;3
1022 KD Amsterdam;Noorderkwartier (Bouwnr. 21);52.39870000;4.92990000;452396;160;400;2;2016;1;woonhuis;5;6
1069 NR Amsterdam;Romerostraat 58;52.35560000;4.79070000;299000;95;318;2;1989;1;woonhuis;27;3
1063 CD Amsterdam;Fritz Conijnstraat 22 II;52.38140000;4.82590000;175000;58;195;1;1955;0;appartement;31;3
1077 MB Amsterdam;Albrecht Dürerstraat 44 I;52.34600000;4.87380000;670000;111;376;1;1931;0;appartement;19;5
1013 HZ Amsterdam;Binnen Oranjestraat 23 III+IV;52.38770000;4.88390000;500000;85;250;2;1995;0;appartement;14;4
1018 AR Amsterdam;Waaigat 7;52.36760000;4.91840000;335000;73;225;1;1988;0;appartement;25;3
1067 JS Amsterdam;Lambertus Zijlplein 14;52.37860000;4.79870000;225000;90;270;20;2001;0;appartement;10;3
1035 AV Amsterdam;Torenmolen 4;52.41960000;4.89440000;10000;0;0;1;0;0;parkeergelegenheid;1;1
1051 TT Amsterdam;Joan Melchior Kemperstraat 54 G;52.38180000;4.87170000;350000;68;184;1;1905;0;appartement;21;3
1015 ND Amsterdam;Anjeliersstraat 29 B (*);52.37840000;4.88360000;550000;85;253;1;1994;1;appartement;20;3
1034 XE Amsterdam;Buiksloterbreek 109;52.40750000;4.91700000;425000;117;385;3;1993;1;woonhuis;36;6
1069 EC Amsterdam;Langswater 371;52.35560000;4.79070000;150000;72;230;1;1965;0;appartement;19;4
1087 BV Amsterdam;Oeverzeggestraat 20;52.35390000;5.00050000;549000;132;480;2;2005;1;woonhuis;33;5
1086 ZM Amsterdam;James Bradleystraat 10;52.36280000;4.98190000;599000;179;708;3;2009;1;woonhuis;43;4
1056 PV Amsterdam;Orteliusstraat 362 I;52.37320000;4.85600000;300000;54;175;1;1931;0;appartement;26;3
1011 AN Amsterdam;Prins Hendrikkade 126 hs;52.37100000;4.90410000;650000;112;478;1;1906;1;appartement;25;3
1094 GR Amsterdam;Madurastraat 70 1;52.36260000;4.93600000;235000;50;182;4;1906;0;appartement;15;2
1012 AE Amsterdam;Prins Hendrikkade 78 H;52.37350000;4.89510000;300000;52;165;2;1979;0;appartement;24;2
1078 NT Amsterdam;Rooseveltlaan 168 III;52.34640000;4.89770000;850000;163;560;3;1930;0;appartement;31;6
1017 WJ Amsterdam;Utrechtsedwarsstraat 120 -B;52.36300000;4.89240000;575000;85;229;1;1923;0;appartement;12;3
1055 RZ Amsterdam;Nieuwpoortstraat 86 A7;52.38020000;4.85240000;425000;89;314;1;2017;0;appartement;19;2
1069 RL Amsterdam;Evertsweertplantsoen 70;52.35560000;4.79070000;235000;72;180;8;2008;0;appartement;11;3
1060 PJ Amsterdam;Ladogameerhof 95 3;52.34910000;4.78350000;210000;78;218;1;1998;0;appartement;11;3
1024 LW Amsterdam;Waterlandplein 20 F;52.39390000;4.95470000;450000;112;366;2;2011;1;appartement;21;3
1082 ME Amsterdam;Gustav Mahlerlaan 286;52.33110000;4.87420000;2925000;341;1646;2;2008;1;appartement;53;7
1095 MS Amsterdam;Zeeburger Zilt 2 (Bouwnr. 122);52.36660000;4.95200000;257897;72;180;1;2011;0;appartement;3;2
1052 KC Amsterdam;Van Oldenbarneveldtstraat 52 D;52.37700000;4.87400000;450000;79;225;1;2006;0;appartement;17;3
1072 CB Amsterdam;Saenredamstraat 29 E;52.35350000;4.89020000;499000;82;264;2;1906;0;appartement;26;3
1082 HX Amsterdam;Van Nijenrodeweg 621;52.33110000;4.87420000;159000;33;88;1;1965;0;appartement;18;2
1066 PW Amsterdam;Kempenlaan;52.34600000;4.81630000;22500;0;0;1;0;0;parkeergelegenheid;4;1
1077 TK Amsterdam;Minervaplein 31 I;52.34600000;4.87380000;690000;112;319;1;1957;0;appartement;23;4
1075 CM Amsterdam;Koninginneweg 151 C;52.35180000;4.85860000;1150000;185;654;2;1906;0;appartement;33;5
1011 PG Amsterdam;Waterlooplein 201 -203;52.37100000;4.90410000;800000;135;400;3;1906;0;appartement;21;6
1087 KA Amsterdam;Lisdoddelaan 106;52.35390000;5.00050000;1285000;254;886;3;2011;1;woonhuis;20;7
1053 CM Amsterdam;Hasebroekstraat 33 huis;52.36680000;4.86810000;379000;76;218;1;1910;1;appartement;22;4
1069 TS Amsterdam;Langswater 141;52.35560000;4.79070000;139000;62;200;1;1960;0;appartement;27;3
1035 XS Amsterdam;Adriaan Loosjesstraat 6;52.41960000;4.89440000;275000;108;370;3;1958;1;woonhuis;32;5
1082 MS Amsterdam;Gustav Mahlerplein 283;52.33110000;4.87420000;3800000;381;1088;1;2010;0;appartement;33;5
1091 CE Amsterdam;Ruyschstraat 70 bvn;52.35560000;4.91350000;575000;123;388;2;1906;0;appartement;22;4
1018 XJ Amsterdam;Nieuwe Prinsengracht 26;52.36760000;4.91840000;435000;0;0;1;0;0;onbekend;1;1
1102 JA Amsterdam;Huntum 10 B;52.31660000;4.95170000;23000;0;0;1;0;0;parkeergelegenheid;1;1
1035 CL Amsterdam;Spinnekop 41;52.41960000;4.89440000;200000;94;299;1;1961;0;appartement;32;4
1056 PV Amsterdam;Orteliusstraat 362 II-III;52.37320000;4.85600000;550000;102;331;2;1931;0;appartement;35;3
1013 HE Amsterdam;Brouwersgracht 232 G;52.38770000;4.88390000;425000;67;199;1;1991;0;appartement;21;2
1093 CX Amsterdam;Wagenaarstraat 322;52.36180000;4.92800000;265000;58;148;1;1981;0;appartement;19;2
1087 BS Amsterdam;IJburglaan 589;52.35390000;5.00050000;495000;173;540;5;2005;0;appartement;32;4
1094 EC Amsterdam;Bankastraat 49 II;52.36260000;4.93600000;269000;50;163;1;1906;0;appartement;30;2
1104 DK Amsterdam;Kokospalmhof 12;52.31640000;4.97760000;233000;0;0;1;0;0;onbekend;1;1
1060 RG Amsterdam;Ladogameerhof 278;52.34910000;4.78350000;249000;94;270;2;1998;0;appartement;24;3
1011 TJ Amsterdam;Peperstraat 7 I/II;52.37100000;4.90410000;600000;95;336;2;1930;0;appartement;36;4
1056 XG Amsterdam;Jan Haringstraat 17 A-1;52.37320000;4.85600000;289000;52;182;1;1939;0;appartement;21;4
1053 KV Amsterdam;Bilderdijkstraat 70 3;52.36680000;4.86810000;639000;106;318;2;1906;1;appartement;43;4
1091 MR Amsterdam;Ruyschstraat 313 B;52.35560000;4.91350000;290000;60;173;1;1906;0;appartement;34;3
1032 AZ Amsterdam;Aurikelstraat 152;52.39640000;4.91260000;275000;92;290;2;1930;0;appartement;29;5
1034 KV Amsterdam;Voordewind 50;52.40750000;4.91700000;375000;106;406;2;1977;1;woonhuis;27;5
1094 HN Amsterdam;Javastraat 106;52.36260000;4.93600000;215000;0;0;1;0;0;onbekend;1;1
1106 AS Amsterdam;Reigersbos 50;52.29910000;4.97540000;120000;60;180;4;1984;0;appartement;21;2
1017 LJ Amsterdam;Reguliersgracht 1;52.36300000;4.89240000;865000;143;430;4;1906;0;appartement;59;7
1078 AZ Amsterdam;Amstelkade 169 A-1;52.34640000;4.89770000;425000;81;273;1;1936;0;appartement;17;4
1055 ES Amsterdam;Baetostraat 20 hs;52.38020000;4.85240000;350000;74;243;2;1939;1;appartement;30;4
1033 CD Amsterdam;Poolsterstraat 11;52.40920000;4.89020000;232500;70;255;2;1925;1;woonhuis;26;2
1019 BZ Amsterdam;Veemkade 1134;52.37330000;4.93910000;495000;108;334;2;1995;0;appartement;20;3
1067 TC Amsterdam;Osdorperweg 820;52.37860000;4.79870000;589000;157;450;2;1998;1;woonhuis;32;5
1087 GZ Amsterdam;Maria Austriastraat 833;52.35390000;5.00050000;275000;84;210;1;2003;0;appartement;14;3
1068 ZZ Amsterdam;Meer en Vaart 118 A;52.35920000;4.80520000;345000;116;370;1;2008;0;appartement;31;4
1107 AW Amsterdam;Wethouder In 't Veldstraat 29;52.29320000;4.98030000;225000;100;290;3;1984;1;woonhuis;25;5
1012 NB Amsterdam;Nieuwezijds Armsteeg 19;52.37350000;4.89510000;300000;70;195;4;1981;0;appartement;19;3
1072 CC Amsterdam;Saenredamstraat 51;52.35350000;4.89020000;699000;112;170;1;1880;0;appartement;1;2
1036 KJ Amsterdam;Boomgaardlaan 63;52.40820000;4.90250000;339000;105;348;3;2007;1;woonhuis;19;5
1034 SP Amsterdam;Voorsteven 92;52.40750000;4.91700000;175000;85;270;1;1977;0;appartement;26;5
1012 RN Amsterdam;Wijdesteeg 3 F;52.37350000;4.89510000;604840;79;315;4;1906;0;appartement;25;2
1013 BD Amsterdam;Haparandaweg 726;52.38770000;4.88390000;165000;28;90;1;2015;0;appartement;18;1
1025 KV Amsterdam;Florence Nightingalestraat 16;52.39900000;4.93610000;400000;110;296;1;1970;0;woonhuis;1;5
1075 NB Amsterdam;Cornelis Krusemanstraat 9 -II;52.35180000;4.85860000;899000;180;626;2;1925;0;appartement;21;4
1106 HV Amsterdam;Mijehof 262;52.29910000;4.97540000;224900;114;421;3;1981;1;woonhuis;18;6
1013 ES Amsterdam;Haarlemmerstraat 38 B;52.38770000;4.88390000;775000;126;365;3;1906;1;appartement;48;4
1055 DX Amsterdam;Bos en Lommerweg 301 II;52.38020000;4.85240000;335000;75;270;1;1931;0;appartement;28;3
1067 NH Amsterdam;Nicolaas Ruychaverstraat 3;52.37860000;4.79870000;360000;109;377;3;1987;1;woonhuis;22;4
1061 SE Amsterdam;Andries Copierstraat 100;52.37360000;4.83950000;315000;90;289;1;2009;0;appartement;16;3
1055 BM Amsterdam;Sanderijnstraat 9 2;52.38020000;4.85240000;225000;57;188;1;1940;0;appartement;31;3
1106 CS Amsterdam;Veenendaalplein 148;52.29910000;4.97540000;135000;50;150;1;1984;0;appartement;1;2
1054 EN Amsterdam;Eerste Helmersstraat 212 II;52.36170000;4.86690000;350000;65;172;1;1910;0;appartement;17;4
1011 HC Amsterdam;Nieuwe Hoogstraat 15 B;52.37100000;4.90410000;435000;80;258;1;1906;1;appartement;30;3
1091 BE Amsterdam;Tilanusstraat 55 3;52.35560000;4.91350000;300000;56;192;1;1906;0;appartement;18;2
1083 VK Amsterdam;Sterkenburg 12;52.33020000;4.88440000;41000;0;0;1;0;0;onbekend;1;1
1106 XW Amsterdam;Opijnenhof 112;52.29910000;4.97540000;155000;87;243;1;1976;0;appartement;20;4
1068 JC Amsterdam;Eastonstraat 85;52.35920000;4.80520000;24800;0;0;1;0;0;parkeergelegenheid;5;1
1102 SH Amsterdam;Pikoletstraat 20;52.31660000;4.95170000;250000;123;428;3;1997;1;woonhuis;25;5
1025 AG Amsterdam;Elpermeer 265;52.39900000;4.93610000;190000;78;200;1;1970;0;appartement;28;3
1018 GP Amsterdam;Sarphatistraat 58 hs;52.36760000;4.91840000;1290000;246;981;3;1906;1;appartement;35;6
1087 GM Amsterdam;Diemerparklaan 66;52.35390000;5.00050000;500000;130;410;3;2006;1;woonhuis;24;5
1066 LK Amsterdam;Eisdenstraat 34;52.34600000;4.81630000;535000;145;485;2;1993;1;woonhuis;31;3
1077 NZ Amsterdam;Minervalaan 24 I;52.34600000;4.87380000;785000;138;492;1;1928;0;appartement;20;6
1055 PR Amsterdam;Haarlemmerweg 587 I;52.38020000;4.85240000;275000;69;210;1;1936;0;appartement;25;3
1035 GE Amsterdam;Stellingweg 202;52.41960000;4.89440000;625000;152;548;3;1987;1;woonhuis;47;6
1053 WH Amsterdam;Da Costakade 333;52.36680000;4.86810000;425000;0;0;1;0;0;onbekend;1;1
1053 DC Amsterdam;Kinkerstraat 23 -V;52.36680000;4.86810000;299000;45;136;1;1906;0;appartement;17;2
1015 HP Amsterdam;Palmstraat 83 A;52.37840000;4.88360000;219000;32;75;1;1906;0;appartement;13;2
1058 SW Amsterdam;Vogelenzangstraat 62 hs;52.35790000;4.85100000;299000;55;150;5;1931;1;appartement;17;2
1077 SZ Amsterdam;Stadionweg 148 IV;52.34600000;4.87380000;600000;122;401;1;1939;0;appartement;24;5
1025 ZV Amsterdam;Amerbos 312;52.39900000;4.93610000;99000;35;100;8;1968;0;appartement;32;1
1086 VB Amsterdam;Brigantijnkade 72;52.36280000;4.98190000;595000;151;499;3;2009;1;woonhuis;31;5
1098 WP Amsterdam;Esplanade de Meer 152;52.35290000;4.94220000;350000;94;276;1;2001;0;appartement;19;3
1087 EH Amsterdam;Erich Salomonstraat 152;52.35390000;5.00050000;250000;80;274;1;2010;0;appartement;34;3
1054 JG Amsterdam;Overtoom 350 IV;52.36170000;4.86690000;225000;36;107;1;1903;0;appartement;27;2
1096 GG Amsterdam;Amstelvlietstraat;52.33870000;4.91970000;36950;0;0;1;0;0;parkeergelegenheid;1;1
1024 BC Amsterdam;Jisperveldstraat 573;52.39390000;4.95470000;119000;35;95;1;1968;0;appartement;1;1
1013 AK Amsterdam;Bouwnummer 68 (Bouwnr. 068);52.38770000;4.88390000;759750;167;718;3;2019;1;woonhuis;6;3
1086 VA Amsterdam;Haringbuisdijk 14;52.36280000;4.98190000;560000;128;454;3;2010;1;woonhuis;24;4
1055 NG Amsterdam;Admiraal De Ruijterweg 444 I;52.38020000;4.85240000;299000;66;173;1;1906;0;appartement;20;3
1059 AE Amsterdam;Aalsmeerweg 99 I;52.34880000;4.84680000;280000;58;149;4;1930;0;appartement;14;2
1071 XJ Amsterdam;Ruysdaelstraat 118 hs;52.35520000;4.87890000;1100000;138;495;2;1907;1;appartement;35;6
1102 JW Amsterdam;Sean MacBridestraat 54;52.31660000;4.95170000;349000;136;340;2;2009;0;appartement;13;5
1053 KB Amsterdam;Jacob van Lennepstraat 262 D;52.36680000;4.86810000;295000;50;150;1;1906;0;appartement;20;2
1107 JL Amsterdam;Schalkwijkpad 33;52.29320000;4.98030000;125000;58;169;1;1982;0;appartement;21;2
1019 DT Amsterdam;Rietlandpark;52.37330000;4.93910000;40000;0;0;1;0;0;parkeergelegenheid;1;1
1015 GJ Amsterdam;Brouwersgracht 635 III-IV;52.37840000;4.88360000;599000;96;302;2;1906;0;appartement;24;4
1102 VB Amsterdam;Barbusselaan 372;52.31660000;4.95170000;145000;42;100;4;1986;0;appartement;9;2
1033 WH Amsterdam;Marskramerstraat 25;52.40920000;4.89020000;189000;54;170;5;1990;1;appartement;23;2
1069 EH Amsterdam;Langswater 909;52.35560000;4.79070000;142500;61;165;1;1963;0;appartement;16;3
1025 DZ Amsterdam;H. Cleyndertweg 603;52.39900000;4.93610000;219000;88;265;1;1974;0;appartement;21;3
1094 GM Amsterdam;Madurastraat 22 b;52.36260000;4.93600000;175000;26;85;5;1902;0;appartement;11;1
1074 XG Amsterdam;Sint Willibrordusdwarsstraat 4 1;52.35390000;4.90420000;250000;40;125;1;1910;0;appartement;27;2
1072 AW Amsterdam;Ruysdaelkade 211 huis;52.35350000;4.89020000;295000;48;150;1;1902;1;appartement;14;2
1051 KH Amsterdam;Visseringstraat 21 E;52.38180000;4.87170000;650000;109;354;1;2009;0;appartement;48;3
1051 LW Amsterdam;Marcantilaan 132;52.38180000;4.87170000;328000;73;229;1;1985;0;appartement;19;3
1087 CL Amsterdam;IJburglaan 785;52.35390000;5.00050000;280000;0;0;1;0;0;onbekend;1;1
1106 DH Amsterdam;Veldhuizenstraat 42;52.29910000;4.97540000;145000;62;174;1;1982;1;appartement;29;2
1031 Amsterdam;Spadinalaan;52.38880000;4.90620000;35000;0;0;1;0;0;parkeergelegenheid;1;1
1054 DV Amsterdam;Eerste Helmersstraat 197 hs;52.36170000;4.86690000;1000000;189;540;5;1910;0;appartement;28;5
1095 AN Amsterdam;Zeeburgerdijk 630;52.36660000;4.95200000;365000;82;240;1;2000;0;appartement;20;3
1104 HW Amsterdam;Klaroenstraat 28;52.31640000;4.97760000;175000;78;244;1;2010;0;appartement;29;3
1067 NT Amsterdam;Bartholt Enthesstraat 41;52.37860000;4.79870000;275000;100;285;3;1981;1;woonhuis;25;5
1015 DT Amsterdam;Prinsengracht 197 -F;52.37840000;4.88360000;975000;161;282;2;1906;0;appartement;26;4
1012 DC Amsterdam;Oudezijds Achterburgwal 79 F;52.37350000;4.89510000;585000;96;330;2;1800;0;appartement;29;3
1104 GA Amsterdam;Kantershof 20;52.31640000;4.97760000;157750;55;125;1;1974;1;woonhuis;15;2
1095 AW Amsterdam;Molukkenstraat 63 lll;52.36660000;4.95200000;485000;102;343;4;1916;0;appartement;21;4
1083 GR Amsterdam;Arent Janszoon Ernststraat 61;52.33020000;4.88440000;430000;109;346;12;1960;0;appartement;17;3
1072 GT Amsterdam;Rustenburgerstraat 371 2-Voor;52.35350000;4.89020000;195000;30;85;1;1905;0;appartement;12;2
1077 GD Amsterdam;Bachstraat 11;52.34600000;4.87380000;4000000;400;1150;4;1906;1;woonhuis;32;9
1022 AD Amsterdam;Zamenhofstraat 60;52.39870000;4.92990000;225000;50;190;2;1918;1;appartement;30;2
1068 WX Amsterdam;Nicolaas Anslijnstraat 144;52.35920000;4.80520000;195000;81;200;2;1963;0;appartement;19;3
1061 MJ Amsterdam;Willem Augustinstraat 151;52.37360000;4.83950000;325000;98;310;1;2013;0;appartement;35;3
1057 CW Amsterdam;Hoofdweg 239 3;52.36770000;4.85510000;399000;82;213;2;1924;0;appartement;25;3
1052 ND Amsterdam;De Clercqstraat 14 I;52.37700000;4.87400000;325000;67;238;1;1906;0;appartement;32;3
1091 JR Amsterdam;Iepenplein 62;52.35560000;4.91350000;250000;52;140;1;1979;0;appartement;19;2
1060 SH Amsterdam;Dinarpromenade 13;52.34910000;4.78350000;225000;73;198;3;1998;0;appartement;23;2
1106 XR Amsterdam;Opijnenhof 49;52.29910000;4.97540000;149500;70;190;3;1976;0;appartement;12;3
1019 DV Amsterdam;Rietlandpark;52.37330000;4.93910000;30000;0;0;1;0;0;parkeergelegenheid;2;1
1060 PG Amsterdam;Marmolada 40;52.34910000;4.78350000;300000;117;362;3;1998;1;woonhuis;29;5
1017 XL Amsterdam;Frederiksplein 47 -III;52.36300000;4.89240000;675000;94;474;2;1906;0;appartement;22;4
1055 RD Amsterdam;Willem de Zwijgerlaan 334 C6;52.38020000;4.85240000;140000;32;145;1;1959;0;appartement;13;1
1053 TA Amsterdam;Schimmelstraat 3 A*;52.36680000;4.86810000;950000;161;536;2;1900;1;appartement;25;6
1087 DA Amsterdam;Henri Berssenbruggehof 6 *;52.35390000;5.00050000;500000;121;408;2;2001;1;woonhuis;42;5
1012 NG Amsterdam;Nieuwe Nieuwstraat 25 II;52.37350000;4.89510000;275000;50;166;1;1905;0;appartement;26;2
1063 BM Amsterdam;Burgemeester De Vlugtlaan 251;52.38140000;4.82590000;185000;60;200;1;1958;0;appartement;21;2
1052 BH Amsterdam;Eerste Nassaustraat 34 -2V;52.37700000;4.87400000;250000;39;133;1;1886;0;appartement;20;2
1069 ED Amsterdam;Langswater 438;52.35560000;4.79070000;149000;60;180;13;1960;0;appartement;10;3
1051 PB Amsterdam;Waterspiegelplein 52;52.38180000;4.87170000;0;77;230;1;1997;0;appartement;4;3
1091 DG Amsterdam;'s-Gravesandestraat 108;52.35560000;4.91350000;285000;57;154;1;1988;0;appartement;20;2
1054 JP Amsterdam;Overtoom 407 D;52.36170000;4.86690000;325000;57;178;1;1906;0;appartement;24;2
1035 PW Amsterdam;Landsmeerderdijk 20 C;52.41960000;4.89440000;485000;108;302;2;2011;0;appartement;32;3
1054 BD Amsterdam;Derde Helmersstraat 51 -hs/I;52.36170000;4.86690000;670000;109;325;2;1905;1;appartement;34;3
1016 BE Amsterdam;Herengracht 179 -C;52.37090000;4.88160000;750000;94;313;2;1906;0;appartement;16;3
1081 HL Amsterdam;Arent Janszoon Ernststraat 1199;52.32780000;4.86200000;849000;211;659;2;1971;1;woonhuis;44;5
1061 BV Amsterdam;Blauwvoetstraat 16 II;52.37360000;4.83950000;195000;51;140;1;1960;0;appartement;17;3
1093 CN Amsterdam;Wagenaarstraat 175;52.36180000;4.92800000;630000;115;299;2;2006;1;appartement;29;4
1066 TK Amsterdam;Blankenbergestraat 45;52.34600000;4.81630000;219000;64;190;1;1995;0;appartement;19;3
1066 LC Amsterdam;Kinrooistraat 37;52.34600000;4.81630000;335000;120;480;3;1990;0;woonhuis;37;5
1060 RZ Amsterdam;Eurokade 30;52.34910000;4.78350000;375000;142;450;4;1999;1;woonhuis;39;6
1015 JK Amsterdam;Goudsbloemstraat 67;52.37840000;4.88360000;575000;86;252;1;1991;0;appartement;20;3
1056 KZ Amsterdam;Korte Geuzenstraat 700 nr. 10;52.37320000;4.85600000;68000;0;27;1;1942;0;appartement;16;1
1071 RD Amsterdam;Nicolaas Maesstraat 80 III;52.35520000;4.87890000;975000;130;390;2;1903;0;appartement;30;3
1075 RE Amsterdam;Lomanstraat 68 III/IV;52.35180000;4.85860000;850000;125;440;2;1906;0;appartement;32;4
1094 JZ Amsterdam;Eerste Atjehstraat 21 I;52.36260000;4.93600000;250000;55;148;4;1985;0;appartement;19;3
1066 JN Amsterdam;Laan van Vlaanderen 267;52.34600000;4.81630000;359500;113;385;3;1993;1;woonhuis;24;4
1012 ES Amsterdam;Oudezijds Voorburgwal 145 A;52.37350000;4.89510000;895000;165;500;1;1896;0;appartement;35;3
1073 SB Amsterdam;Tolstraat 40;52.35320000;4.89820000;499000;85;277;5;2005;1;appartement;33;3
1068 PM Amsterdam;Oeverpad;52.35920000;4.80520000;14950;0;0;1;0;0;parkeergelegenheid;7;1
1073 GV Amsterdam;Lutmastraat 145 -C;52.35320000;4.89820000;285000;55;150;1;1989;0;appartement;27;2
1071 PJ Amsterdam;De Lairessestraat 90 -III-M;52.35520000;4.87890000;1250000;140;509;1;1906;0;appartement;25;3
1059 TK Amsterdam;Westlandgracht 185 1;52.34880000;4.84680000;295000;57;197;1;1935;0;appartement;24;3
1093 NG Amsterdam;Oranje-Vrijstaatplein 18;52.36180000;4.92800000;430000;91;273;4;2013;0;appartement;20;3
1086 VB Amsterdam;Brigantijnkade 48;52.36280000;4.98190000;619000;142;500;2;2011;0;woonhuis;32;4
1016 NA Amsterdam;Rozengracht 221 A;52.37090000;4.88160000;600000;121;377;2;1991;0;appartement;21;3
1065 TP Amsterdam;Ariana Nozemanstraat 13 -I;52.35730000;4.82780000;185000;55;190;1;1955;0;appartement;30;3
1091 TR Amsterdam;Jan Bernardusstraat 15 B;52.35560000;4.91350000;325000;56;180;1;2006;0;appartement;25;2
1016 LS Amsterdam;Rozengracht 51 C;52.37090000;4.88160000;299000;57;152;1;1992;0;appartement;25;2
1082 CT Amsterdam;Boeckenburg 33;52.33110000;4.87420000;249000;67;200;1;1963;0;appartement;12;3
1054 MR Amsterdam;Brederodestraat 41 huis;52.36170000;4.86690000;400000;68;231;1;1901;1;appartement;17;2
1082 EL Amsterdam;Zuid-Hollandstraat 78;52.33110000;4.87420000;36000;0;0;1;0;0;parkeergelegenheid;1;1
1093 GB Amsterdam;Eerste Van Swindenstraat 177;52.36180000;4.92800000;298000;70;208;1;1997;0;appartement;24;3
1053 BX Amsterdam;Ten Katestraat 39 -2;52.36680000;4.86810000;235000;43;150;1;1895;0;appartement;21;2
1017 JZ Amsterdam;Prinsengracht 761;52.36300000;4.89240000;2500000;173;519;1;1960;0;appartement;13;3
1077 KP Amsterdam;Willem Kesstraat 1 II;52.34600000;4.87380000;585000;111;300;1;1955;0;appartement;35;4
1028 BT Amsterdam;Durgerdammergouw 2;52.40140000;5.00730000;800000;215;645;3;1906;1;woonhuis;57;9
1056 JP Amsterdam;Willem de Zwijgerlaan 217 -3;52.37320000;4.85600000;550000;100;326;2;1934;0;appartement;26;4
1015 DV Amsterdam;Prinsengracht 14 M;52.37840000;4.88360000;359000;0;0;1;0;0;onbekend;1;1
1092 CW Amsterdam;Derde Oosterparkstraat 147 C;52.35650000;4.92280000;585000;96;252;1;2011;0;appartement;27;3
1011 JH Amsterdam;Zwanenburgwal 266;52.37100000;4.90410000;650000;101;316;2;1906;0;appartement;24;4
1016 KW Amsterdam;Bloemstraat 47;52.37090000;4.88160000;49000;0;0;1;0;0;parkeergelegenheid;4;1
1061 WB Amsterdam;Wijnand Nuijenstraat 54;52.37360000;4.83950000;280000;86;277;1;2006;0;appartement;20;3
1015 GN Amsterdam;Lijnbaansgracht 14 1;52.37840000;4.88360000;189000;24;82;4;1906;0;appartement;9;2
1053 ZK Amsterdam;Da Costastraat 115 II;52.36680000;4.86810000;259500;45;120;1;1900;0;appartement;8;2
1082 HZ Amsterdam;Van Nijenrodeweg 647 A;52.33110000;4.87420000;40000;0;0;1;0;0;parkeergelegenheid;6;1
1091 VM Amsterdam;Tugelaweg 72 II;52.35560000;4.91350000;245000;54;179;1;1930;0;appartement;23;3
1012 NC Amsterdam;Sint Jacobsstraat 1 D;52.37350000;4.89510000;385000;65;225;1;1906;1;appartement;29;3
1056 SR Amsterdam;Vespuccistraat 104 hs;52.37320000;4.85600000;315000;58;170;1;1925;1;appartement;19;3
1055 ER Amsterdam;Baetostraat 10 ll;52.38020000;4.85240000;225000;59;185;4;1940;0;appartement;25;3
1077 EV Amsterdam;Leonardostraat 10 hs;52.34600000;4.87380000;1480000;228;638;2;1928;1;appartement;28;8
1071 ZK Amsterdam;Van Breestraat 111;52.35520000;4.87890000;2195000;266;771;1;1906;1;woonhuis;66;11
1018 BC Amsterdam;Tussen Kadijken 8 A;52.36760000;4.91840000;700000;133;461;3;1743;1;appartement;34;5
1069 PA Amsterdam;Willy La Croixstraat 10;52.35560000;4.79070000;350000;110;300;2;1990;1;woonhuis;32;5
1102 TD Amsterdam;Boris Pasternakstraat 351;52.31660000;4.95170000;104950;45;112;4;1980;0;appartement;11;2
1017 LC Amsterdam;Prinsengracht 736 A*;52.36300000;4.89240000;650000;100;330;1;1906;0;appartement;18;3
1091 GC Amsterdam;Mauritskade 18 L;52.35560000;4.91350000;199000;39;99;1;1989;0;appartement;1;2
1087 Amsterdam;Erich Salomonstraat;52.35390000;5.00050000;12500;0;0;1;0;0;parkeergelegenheid;7;1
1018 VS Amsterdam;Nieuwe Prinsengracht 48 -III+IV;52.36760000;4.91840000;650000;126;433;2;1890;1;appartement;25;4
1093 CN Amsterdam;Wagenaarstraat 407 huis;52.36180000;4.92800000;350000;72;224;1;1982;1;appartement;24;3
1068 PH Amsterdam;Oeverpad 186;52.35920000;4.80520000;275000;80;235;1;2007;0;appartement;32;3
1091 CW Amsterdam;Blasiusstraat 92 C;52.35560000;4.91350000;319000;57;137;1;2013;0;appartement;21;3
1068 SL Amsterdam;Wildeman 101;52.35920000;4.80520000;198000;71;224;1;2000;0;appartement;22;3
1019 HG Amsterdam;Zeeburgerkade 34;52.37330000;4.93910000;375000;89;306;1;1898;0;appartement;22;3
1098 LH Amsterdam;Helmholtzstraat 91 II;52.35290000;4.94220000;250000;70;182;1;1960;0;appartement;20;3
1098 LZ Amsterdam;Galileïplantsoen 121;52.35290000;4.94220000;780000;150;511;4;1933;0;appartement;29;7
1068 NA Amsterdam;Hoekenes 98;52.35920000;4.80520000;595000;150;450;2;1971;1;woonhuis;31;5
1106 SZ Amsterdam;Parkhof 77;52.29910000;4.97540000;338000;156;544;3;1993;1;woonhuis;8;6
1060 RG Amsterdam;Ladogameerhof 267;52.34910000;4.78350000;245000;91;270;1;2000;0;appartement;31;2
1094 HE Amsterdam;Javastraat 137 4;52.36260000;4.93600000;215000;37;153;1;1913;0;appartement;1;1
1078 NJ Amsterdam;Rooseveltlaan 28 hs;52.34640000;4.89770000;700000;100;352;1;1934;1;appartement;29;4
1087 LG Amsterdam;Eva Besnyöstraat 503;52.35390000;5.00050000;339000;101;323;1;2011;0;appartement;39;3
1094 RW Amsterdam;Minahassastraat 10 -A;52.36260000;4.93600000;250000;57;201;1;1981;1;appartement;39;3
1074 VH Amsterdam;Tolstraat 115 3;52.35390000;4.90420000;730000;137;444;2;1906;0;appartement;23;4
1074 CP Amsterdam;Tweede Jan Steenstraat 58 IV;52.35390000;4.90420000;469000;77;259;1;1889;0;appartement;20;3
1054 EG Amsterdam;Eerste Helmersstraat 100 C;52.36170000;4.86690000;650000;100;360;2;1885;1;appartement;19;4
1034 WC Amsterdam;Sonja Heniepad 2;52.40750000;4.91700000;289000;108;346;2;1994;0;appartement;16;4
1077 KM Amsterdam;Cornelis Dopperkade 7 5-A;52.34600000;4.87380000;389000;60;156;1;1955;0;appartement;26;2
1033 ZG Amsterdam;Circusplein 38;52.40920000;4.89020000;189000;68;200;1;1989;0;appartement;21;3
1054 WL Amsterdam;Wilhelminastraat 74 C;52.36170000;4.86690000;220000;36;100;1;1900;0;appartement;11;1
1107 XC Amsterdam;Wethouder Insingerstraat 58;52.29320000;4.98030000;167500;68;170;2;1985;0;appartement;26;3
1068 ZZ Amsterdam;Meer en Vaart 86 a;52.35920000;4.80520000;289000;95;300;1;2009;0;appartement;15;3
1068 PM Amsterdam;Oeverpad 488;52.35920000;4.80520000;325000;121;396;6;2004;0;appartement;26;3
1055 VX Amsterdam;Joris van Andringastraat 6 -II;52.38020000;4.85240000;425000;87;230;2;1934;1;appartement;29;3
1016 NB Amsterdam;Rozengracht 2 C;52.37090000;4.88160000;800000;128;450;2;1900;0;appartement;18;3
1017 WV Amsterdam;Sarphatikade 12 /A;52.36300000;4.89240000;2475000;270;900;2;1960;1;woonhuis;48;5
1056 JV Amsterdam;Willem de Zwijgerlaan 104 III;52.37320000;4.85600000;275000;56;148;1;1931;0;appartement;33;3
1082 JM Amsterdam;Van Nijenrodeweg 831;52.33110000;4.87420000;299000;85;284;1;1955;0;appartement;25;3
1057 WV Amsterdam;Marco Polostraat 94 -bov;52.36770000;4.85510000;369500;78;200;2;1929;0;appartement;19;3
1055 AD Amsterdam;Bos en Lommerplein 39;52.38020000;4.85240000;489000;109;345;1;2008;0;appartement;1;4
1063 LT Amsterdam;Antony Moddermanstraat 88;52.38140000;4.82590000;155000;72;190;1;1959;0;appartement;12;3
1054 VP Amsterdam;Staringstraat 12 huis;52.36170000;4.86690000;335000;55;165;1;1905;1;appartement;20;3
1079 VT Amsterdam;Hunzestraat 53 III;52.34230000;4.90360000;389000;86;278;2;1934;1;appartement;47;5
1071 PE Amsterdam;De Lairessestraat 68 huis;52.35520000;4.87890000;1475000;205;700;2;1914;1;appartement;23;8
1012 TW Amsterdam;Spuistraat 74 -C;52.37350000;4.89510000;519000;85;277;5;1726;0;appartement;17;2
1034 CR Amsterdam;Bezaanjachtplein 117 B;52.40750000;4.91700000;200000;45;150;1;2012;0;appartement;28;2
1057 SP Amsterdam;Hudsonstraat 72 II;52.36770000;4.85510000;450000;95;285;2;2006;0;appartement;25;4
1069 LK Amsterdam;Baden Powellweg 58 -A;52.35560000;4.79070000;249500;95;258;1;2010;0;appartement;24;3
1021 GL Amsterdam;Leeuwerikstraat 12;52.38460000;4.91720000;249000;57;181;1;1987;1;appartement;20;2
1081 EH Amsterdam;Bolestein 518;52.32780000;4.86200000;349000;92;290;1;1960;0;appartement;22;3
1107 KJ Amsterdam;Werkendamstraat 8;52.29320000;4.98030000;175000;68;210;1;1982;0;appartement;1;3
1072 JH Amsterdam;Cornelis Trooststraat 60 I + II;52.35350000;4.89020000;575000;105;347;2;1925;0;appartement;27;4
1063 HA Amsterdam;Lou Jansenplein 78;52.38140000;4.82590000;30000;0;0;1;0;0;parkeergelegenheid;1;1
1012 GH Amsterdam;Oudezijds Voorburgwal 98 A;52.37350000;4.89510000;400000;68;275;1;1750;1;appartement;21;2
1017 AB Amsterdam;Amstel 34 B;52.36300000;4.89240000;575000;100;274;1;1906;0;appartement;38;3
1094 BS Amsterdam;Molukkenstraat 94 D;52.36260000;4.93600000;215000;46;143;1;1981;0;appartement;16;2
1056 XH Amsterdam;Jan Haringstraat 14 I;52.37320000;4.85600000;275000;53;159;1;1938;0;appartement;19;3
1067 AS Amsterdam;Pieter Postsingel 99;52.37860000;4.79870000;269000;97;300;3;1955;1;woonhuis;19;4
1066 CV Amsterdam;Sloterweg 1208;52.34600000;4.81630000;749000;208;815;3;1934;1;woonhuis;32;7
1011 LB Amsterdam;Oudeschans 26 K;52.37100000;4.90410000;1200000;220;550;2;2012;1;woonhuis;43;6
